[
  {
    "id": "46b544cd-5ac2-4393-bc1b-6d96bdffddb4",
    "data": [
      {
        "text": "Create a brand-new order",
        "userDefined": false
      }
    ],
    "isTemplate": false,
    "count": 0,
    "lang": "en",
    "updated": 0
  },
  {
    "id": "5af24c92-fe89-47b6-8fa9-55df605e69da",
    "data": [
      {
        "text": "Generate a new order",
        "userDefined": false
      }
    ],
    "isTemplate": false,
    "count": 0,
    "lang": "en",
    "updated": 0
  },
  {
    "id": "07ee1b33-1780-41f5-aadb-aa7b0ad392be",
    "data": [
      {
        "text": "place a new order",
        "userDefined": false
      }
    ],
    "isTemplate": false,
    "count": 0,
    "lang": "en",
    "updated": 0
  },
  {
    "id": "bd1f0286-6731-4a3d-bf42-3a49e005f648",
    "data": [
      {
        "text": "new order",
        "userDefined": false
      }
    ],
    "isTemplate": false,
    "count": 0,
    "lang": "en",
    "updated": 0
  }
]