[
  {
    "id": "be1ab5b4-0a29-45b7-b61d-4f161c92db47",
    "data": [
      {
        "text": "Nope,that\u0027s it",
        "userDefined": false
      }
    ],
    "isTemplate": false,
    "count": 0,
    "lang": "en",
    "updated": 0
  },
  {
    "id": "fe3ef240-abf6-4484-bd13-22ca88e226a6",
    "data": [
      {
        "text": "That\u0027s it",
        "userDefined": false
      }
    ],
    "isTemplate": false,
    "count": 0,
    "lang": "en",
    "updated": 0
  },
  {
    "id": "8b4db259-f44d-4399-ad02-763e4cade858",
    "data": [
      {
        "text": "Done",
        "userDefined": false
      }
    ],
    "isTemplate": false,
    "count": 0,
    "lang": "en",
    "updated": 0
  },
  {
    "id": "957eddec-ab6a-48da-aa36-6b2c89bd69ab",
    "data": [
      {
        "text": "Place an order",
        "userDefined": false
      }
    ],
    "isTemplate": false,
    "count": 0,
    "lang": "en",
    "updated": 0
  },
  {
    "id": "80fff558-ea08-4c2d-b5af-bc4db2e2f9b0",
    "data": [
      {
        "text": "Done ordering it",
        "userDefined": false
      }
    ],
    "isTemplate": false,
    "count": 0,
    "lang": "en",
    "updated": 0
  },
  {
    "id": "21f20d67-c8e9-4be5-877c-b5d7da81ebbc",
    "data": [
      {
        "text": "That\u0027s all I needed",
        "userDefined": false
      }
    ],
    "isTemplate": false,
    "count": 0,
    "lang": "en",
    "updated": 0
  },
  {
    "id": "a2c56f43-826e-4b54-a8cc-559d8abdae84",
    "data": [
      {
        "text": "Nope",
        "userDefined": false
      }
    ],
    "isTemplate": false,
    "count": 0,
    "lang": "en",
    "updated": 0
  }
]