[
  {
    "id": "82644de3-7956-47a6-a4fe-ff737769c740",
    "data": [
      {
        "text": "track existing order",
        "userDefined": false
      }
    ],
    "isTemplate": false,
    "count": 0,
    "lang": "en",
    "updated": 0
  },
  {
    "id": "34adad6e-73fc-40af-a544-4a3194f00a89",
    "data": [
      {
        "text": "track order",
        "userDefined": false
      }
    ],
    "isTemplate": false,
    "count": 0,
    "lang": "en",
    "updated": 0
  },
  {
    "id": "f20d6dbb-45dd-477f-a72a-415a912e8e31",
    "data": [
      {
        "text": "check the status of my order",
        "userDefined": false
      }
    ],
    "isTemplate": false,
    "count": 0,
    "lang": "en",
    "updated": 0
  }
]